Sender,Message
User,hi
Assistant,You're welcome!
User,how are you
Assistant,Hi there!
User,hi
Assistant,Hello!
User,what is python
Assistant,Python is a programming language.
User,what is python
Assistant,Python is a programming language.
User,what time is it
Assistant,Why did the programmer quit his job? Because he didn't get arrays.
User,tell me a joke
Assistant,Why did the programmer quit his job? Because he didn't get arrays.
User,hi
Assistant,'Hello' in French is 'Bonjour'.
User,goodbye
Assistant,Hello!
User,hello
Assistant,You're welcome!
User,translate hello
Assistant,'Hello' in French is 'Bonjour'.
User,hello
Assistant,Why did the programmer quit his job? Because he didn't get arrays.
User,hello
Assistant,"I don't have a clock, but check your phone!"
User,thanks
Assistant,"Sure, show me your code."
User,thanks
Assistant,"Sure, show me your code."
User,what time is it
Assistant,"I'm fine, thanks!"
User,thanks
Assistant,Why did the programmer quit his job? Because he didn't get arrays.
User,hi
Assistant,"Sure, show me your code."
User,what is python
Assistant,Hello!
User,thanks
Assistant,"I don't have a clock, but check your phone!"
User,what time is it
Assistant,You're welcome!
User,how are you
Assistant,Why did the programmer quit his job? Because he didn't get arrays.
User,how are you
Assistant,You're welcome!
User,how are you
Assistant,Hi there!
User,help me with code
Assistant,Hello!
User,goodbye
Assistant,"I'm fine, thanks!"
User,tell me a joke
Assistant,Why did the programmer quit his job? Because he didn't get arrays.
User,translate hello
Assistant,'Hello' in French is 'Bonjour'.
User,what time is it
Assistant,"I'm fine, thanks!"
User,help me with code
Assistant,You're welcome!
User,how are you
Assistant,Hi there!
User,thanks
Assistant,"I'm fine, thanks!"
User,what time is it
Assistant,"Sure, show me your code."
User,how are you
Assistant,Why did the programmer quit his job? Because he didn't get arrays.
User,what is python
Assistant,"Sure, show me your code."
User,goodbye
Assistant,Hi there!
User,help me with code
Assistant,Hello!
User,translate hello
Assistant,Hello!
User,how are you
Assistant,Goodbye!
User,goodbye
Assistant,You're welcome!
User,goodbye
Assistant,Python is a programming language.
User,how are you
Assistant,Goodbye!
User,translate hello
Assistant,Hello!
User,thanks
Assistant,Goodbye!
User,what is python
Assistant,Hi there!
User,help me with code
Assistant,You're welcome!
User,hello
Assistant,Why did the programmer quit his job? Because he didn't get arrays.
User,goodbye
Assistant,Goodbye!
User,thanks
Assistant,"I'm fine, thanks!"
User,tell me a joke
Assistant,Hi there!
User,goodbye
Assistant,Goodbye!
User,what time is it
Assistant,Goodbye!
User,goodbye
Assistant,Hi there!
User,translate hello
Assistant,Why did the programmer quit his job? Because he didn't get arrays.
User,what time is it
Assistant,"I don't have a clock, but check your phone!"
User,translate hello
Assistant,"I don't have a clock, but check your phone!"
User,help me with code
Assistant,Hi there!
User,thanks
Assistant,Why did the programmer quit his job? Because he didn't get arrays.
User,thanks
Assistant,"I don't have a clock, but check your phone!"
User,hi
Assistant,Why did the programmer quit his job? Because he didn't get arrays.
User,goodbye
Assistant,"Sure, show me your code."
User,hi
Assistant,"Sure, show me your code."
User,translate hello
Assistant,'Hello' in French is 'Bonjour'.
User,thanks
Assistant,'Hello' in French is 'Bonjour'.
User,hello
Assistant,Why did the programmer quit his job? Because he didn't get arrays.
User,help me with code
Assistant,'Hello' in French is 'Bonjour'.
User,hello
Assistant,"I don't have a clock, but check your phone!"
User,what time is it
Assistant,Why did the programmer quit his job? Because he didn't get arrays.
User,translate hello
Assistant,"I'm fine, thanks!"
User,what is python
Assistant,Why did the programmer quit his job? Because he didn't get arrays.
User,translate hello
Assistant,"I don't have a clock, but check your phone!"
User,hi
Assistant,Why did the programmer quit his job? Because he didn't get arrays.
User,what time is it
Assistant,Python is a programming language.
User,translate hello
Assistant,Goodbye!
User,thanks
Assistant,Hello!
User,goodbye
Assistant,"Sure, show me your code."
User,what is python
Assistant,"I don't have a clock, but check your phone!"
User,hello
Assistant,Why did the programmer quit his job? Because he didn't get arrays.
User,tell me a joke
Assistant,Python is a programming language.
User,how are you
Assistant,"I don't have a clock, but check your phone!"
User,hi
Assistant,"I'm fine, thanks!"
User,thanks
Assistant,"I don't have a clock, but check your phone!"
User,help me with code
Assistant,Hello!
User,what time is it
Assistant,Hi there!
User,help me with code
Assistant,You're welcome!
User,what is python
Assistant,Goodbye!
User,goodbye
Assistant,'Hello' in French is 'Bonjour'.
User,tell me a joke
Assistant,"I don't have a clock, but check your phone!"
User,what is python
Assistant,"I don't have a clock, but check your phone!"
User,help me with code
Assistant,You're welcome!
User,help me with code
Assistant,"I don't have a clock, but check your phone!"
User,hello
Assistant,'Hello' in French is 'Bonjour'.
User,hello
Assistant,Hi there!
User,tell me a joke
Assistant,'Hello' in French is 'Bonjour'.
User,help me with code
Assistant,Hi there!
User,hi
Assistant,Hello!
User,tell me a joke
Assistant,'Hello' in French is 'Bonjour'.
User,how are you
Assistant,Hi there!
User,thanks
Assistant,Hi there!
User,how are you
Assistant,Goodbye!
User,how are you
Assistant,Hi there!
User,what is python
Assistant,"Sure, show me your code."
User,hello
Assistant,You're welcome!
User,how are you
Assistant,You're welcome!
User,what is python
Assistant,Goodbye!
User,hello
Assistant,"I'm fine, thanks!"
User,how are you
Assistant,Hi there!
User,help me with code
Assistant,Goodbye!
User,hello
Assistant,Why did the programmer quit his job? Because he didn't get arrays.
User,thanks
Assistant,"Sure, show me your code."
User,how are you
Assistant,"I'm fine, thanks!"
User,what is python
Assistant,Goodbye!
User,tell me a joke
Assistant,Hello!
User,hello
Assistant,'Hello' in French is 'Bonjour'.
User,what is python
Assistant,You're welcome!
User,what time is it
Assistant,"I'm fine, thanks!"
User,translate hello
Assistant,"I don't have a clock, but check your phone!"
User,what is python
Assistant,Hello!
User,goodbye
Assistant,"I don't have a clock, but check your phone!"
User,thanks
Assistant,You're welcome!
User,goodbye
Assistant,You're welcome!
User,goodbye
Assistant,Python is a programming language.
User,translate hello
Assistant,Goodbye!
User,tell me a joke
Assistant,You're welcome!
User,thanks
Assistant,Goodbye!
User,tell me a joke
Assistant,"Sure, show me your code."
User,tell me a joke
Assistant,Hello!
User,what time is it
Assistant,Python is a programming language.
User,what time is it
Assistant,"Sure, show me your code."
User,tell me a joke
Assistant,Goodbye!
User,how are you
Assistant,'Hello' in French is 'Bonjour'.
User,thanks
Assistant,Python is a programming language.
User,how are you
Assistant,Goodbye!
User,hello
Assistant,"I don't have a clock, but check your phone!"
User,hello
Assistant,'Hello' in French is 'Bonjour'.
User,hello
Assistant,"Sure, show me your code."
User,what is python
Assistant,"I'm fine, thanks!"
User,tell me a joke
Assistant,"I don't have a clock, but check your phone!"
User,hello
Assistant,"Sure, show me your code."
User,thanks
Assistant,"Sure, show me your code."
User,goodbye
Assistant,Goodbye!
User,what time is it
Assistant,Python is a programming language.
User,goodbye
Assistant,Python is a programming language.
User,help me with code
Assistant,Goodbye!
User,hi
Assistant,"Sure, show me your code."
User,what is python
Assistant,Hello!
User,help me with code
Assistant,"Sure, show me your code."
User,thanks
Assistant,You're welcome!
User,hello
Assistant,Goodbye!
User,help me with code
Assistant,"I don't have a clock, but check your phone!"
User,hi
Assistant,'Hello' in French is 'Bonjour'.
User,goodbye
Assistant,"I don't have a clock, but check your phone!"
User,what is python
Assistant,Hi there!
User,thanks
Assistant,Python is a programming language.
User,goodbye
Assistant,Hi there!
User,what is python
Assistant,Why did the programmer quit his job? Because he didn't get arrays.
User,what time is it
Assistant,Hi there!
User,translate hello
Assistant,Hi there!
User,help me with code
Assistant,You're welcome!
User,translate hello
Assistant,You're welcome!
User,thanks
Assistant,"Sure, show me your code."
User,hi
Assistant,Hello!
User,hi
Assistant,Hi there!
User,thanks
Assistant,"I'm fine, thanks!"
User,how are you
Assistant,Python is a programming language.
User,translate hello
Assistant,You're welcome!
User,translate hello
Assistant,"I don't have a clock, but check your phone!"
User,what time is it
Assistant,'Hello' in French is 'Bonjour'.
User,hello
Assistant,"I'm fine, thanks!"
User,what is python
Assistant,'Hello' in French is 'Bonjour'.
User,goodbye
Assistant,Why did the programmer quit his job? Because he didn't get arrays.
User,hi
Assistant,Goodbye!
User,what time is it
Assistant,"Sure, show me your code."
User,translate hello
Assistant,You're welcome!
User,goodbye
Assistant,"I don't have a clock, but check your phone!"
User,tell me a joke
Assistant,Goodbye!
User,goodbye
Assistant,Goodbye!
User,thanks
Assistant,You're welcome!
User,how are you
Assistant,Goodbye!
User,how are you
Assistant,"Sure, show me your code."
User,how are you
Assistant,Goodbye!
User,thanks
Assistant,Goodbye!
User,what time is it
Assistant,You're welcome!
User,translate hello
Assistant,Hello!
User,what time is it
Assistant,Goodbye!
User,how are you
Assistant,"I don't have a clock, but check your phone!"
User,hello
Assistant,"I'm fine, thanks!"
User,help me with code
Assistant,"I don't have a clock, but check your phone!"
User,what is python
Assistant,"I don't have a clock, but check your phone!"
User,goodbye
Assistant,You're welcome!
User,goodbye
Assistant,"I don't have a clock, but check your phone!"
User,translate hello
Assistant,"I don't have a clock, but check your phone!"
User,what is python
Assistant,Goodbye!
User,hi
Assistant,Hello!
User,hello
Assistant,Hello!
User,goodbye
Assistant,Hi there!
User,translate hello
Assistant,"Sure, show me your code."
User,hi
Assistant,Hello!
User,hello
Assistant,Hello!
User,what time is it
Assistant,'Hello' in French is 'Bonjour'.
User,what time is it
Assistant,"I don't have a clock, but check your phone!"
User,tell me a joke
Assistant,"Sure, show me your code."
User,what time is it
Assistant,Goodbye!
User,translate hello
Assistant,Python is a programming language.
User,translate hello
Assistant,"I don't have a clock, but check your phone!"
User,tell me a joke
Assistant,Hi there!
User,what is python
Assistant,Python is a programming language.
User,what is python
Assistant,Python is a programming language.
User,translate hello
Assistant,You're welcome!
User,hello
Assistant,"I'm fine, thanks!"
User,thanks
Assistant,Why did the programmer quit his job? Because he didn't get arrays.
User,how are you
Assistant,Python is a programming language.
User,how are you
Assistant,Hi there!
User,goodbye
Assistant,Python is a programming language.
User,what time is it
Assistant,Goodbye!
User,how are you
Assistant,You're welcome!
User,what time is it
Assistant,"Sure, show me your code."
User,hello
Assistant,You're welcome!
User,goodbye
Assistant,Python is a programming language.
User,what time is it
Assistant,Hi there!
User,what is python
Assistant,"Sure, show me your code."
User,translate hello
Assistant,"I'm fine, thanks!"
User,hi
Assistant,You're welcome!
User,how are you
Assistant,Python is a programming language.
User,what time is it
Assistant,"I'm fine, thanks!"
User,tell me a joke
Assistant,'Hello' in French is 'Bonjour'.
User,thanks
Assistant,Goodbye!
User,hello
Assistant,Why did the programmer quit his job? Because he didn't get arrays.
User,help me with code
Assistant,Hi there!
User,how are you
Assistant,"I'm fine, thanks!"
User,help me with code
Assistant,"I'm fine, thanks!"
User,what is python
Assistant,"Sure, show me your code."
User,hello
Assistant,You're welcome!
User,translate hello
Assistant,You're welcome!
User,hi
Assistant,'Hello' in French is 'Bonjour'.
User,help me with code
Assistant,Why did the programmer quit his job? Because he didn't get arrays.
User,goodbye
Assistant,'Hello' in French is 'Bonjour'.
User,what is python
Assistant,Why did the programmer quit his job? Because he didn't get arrays.
User,tell me a joke
Assistant,"Sure, show me your code."
User,hello
Assistant,Goodbye!
User,how are you
Assistant,Python is a programming language.
User,goodbye
Assistant,Python is a programming language.
User,how are you
Assistant,"I'm fine, thanks!"
User,how are you
Assistant,"I'm fine, thanks!"
User,what is python
Assistant,Python is a programming language.
User,hello
Assistant,Hello!
User,tell me a joke
Assistant,'Hello' in French is 'Bonjour'.
User,goodbye
Assistant,Why did the programmer quit his job? Because he didn't get arrays.
User,thanks
Assistant,"I don't have a clock, but check your phone!"
User,how are you
Assistant,Python is a programming language.
